Chr,N_hits,Dist,pvalue
17,4,15510554,0.0964
6,4,12308782,0.1135
15,4,34408197,0.1232
6,5,24939625,0.1242
4,4,69815735,0.1461
15,3,12780393,0.1471
17,3,7088604,0.1721
5,8,118706553,0.1839
17,5,40803558,0.1998
5,5,38462576,0.2001
4,3,31145690,0.2291
1,2,1235739,0.2482
5,4,23046616,0.2669
10,2,3387445,0.2795
5,3,9082073,0.2947
17,2,1383694,0.3019
5,7,98757581,0.3259
10,3,27337995,0.329
3,9,157105544,0.3918
5,6,75864886,0.4042
3,5,46105914,0.408
6,9,135457083,0.4363
2,3,21189550,0.4555
3,8,129506813,0.4602
6,2,1457627,0.4746
6,3,10146534,0.4771
15,2,5493975,0.5092
1,4,43607114,0.5271
7,2,17665982,0.5526
5,2,2740103,0.5877
1,3,20853118,0.59
3,4,32225933,0.5952
22,2,14846503,0.6086
3,2,2588291,0.6224
4,2,14210455,0.6425
12,2,19710331,0.6545
6,8,122826240,0.6732
3,7,115626832,0.6819
10,4,93378882,0.6873
7,3,96878190,0.7077
2,2,6615822,0.7132
3,3,17831811,0.749
12,3,87627365,0.7497
1,5,94432079,0.7615
9,3,34275487,0.7699
16,2,17317606,0.7708
11,2,73273525,0.8007
16,3,64631218,0.8013
6,7,110047855,0.8319
3,6,102440596,0.8603
