Chr,N_hits,Dist,copd_n_regions,pvalue_in_chr,pvalue_genome,pvalue_genome_multiple_region
9,3,34275487,26,1.0,1.0,0.0057
15,4,34408197,10,0.9875,0.9708,0.0258
2,3,21189550,14,0.9998,0.9995,0.0367
2,7,230582347,11,1.0,0.9857,0.0519
1,3,20853118,13,0.9997,0.9994,0.0568
12,3,87627365,42,1.0,1.0,0.0684
12,2,19710331,37,1.0,1.0,0.0735
1,4,43607114,12,0.9995,0.9975,0.0744
7,3,96878190,43,1.0,1.0,0.081
10,3,27337995,17,1.0,1.0,0.0816
2,6,220279562,15,1.0,0.9999,0.0884
2,5,197439457,22,1.0,1.0,0.0949
7,2,17665982,34,1.0,1.0,0.1035
9,5,115257901,18,1.0,1.0,0.1101
3,4,32225933,7,0.977,0.9529,0.1157
9,4,95812966,26,1.0,1.0,0.1338
1,8,222594977,6,1.0,0.8568,0.1377
16,2,17317606,33,1.0,1.0,0.1398
9,2,16535487,32,1.0,1.0,0.1413
1,7,199840981,9,1.0,0.9808,0.1425
17,4,15510554,2,0.4384,0.4097,0.1446
15,3,12780393,6,0.9698,0.962,0.1556
4,4,31145690,6,0.9702,0.9427,0.1668
3,3,17831811,9,0.9987,0.9977,0.1713
3,8,129506813,3,0.914,0.5583,0.1956
3,5,46105914,4,0.8724,0.7885,0.1986
5,2,2740103,8,0.9978,0.9977,0.2057
2,2,6615822,16,1.0,1.0,0.2067
4,3,16935235,8,0.997,0.9953,0.2108
3,9,157105544,2,0.8865,0.3919,0.2145
17,5,40803558,3,0.7561,0.6682,0.2156
6,5,24939625,1,0.2534,0.2242,0.2242
6,3,10146534,4,0.8986,0.8842,0.2278
10,4,93378882,24,1.0,1.0,0.2412
6,4,12308782,1,0.2702,0.2547,0.2547
5,4,23046616,3,0.7924,0.7485,0.2567
10,2,3387445,9,0.9999,0.9999,0.2606
1,6,179864869,12,1.0,0.9999,0.2748
6,9,135457083,1,0.6627,0.2788,0.2788
3,7,115626832,4,0.9841,0.8039,0.2837
6,8,122826240,2,0.8559,0.5024,0.2899
22,2,14846503,28,1.0,1.0,0.2902
3,2,2588291,7,0.9966,0.9965,0.2966
5,5,38462576,2,0.6912,0.6064,0.3348
6,7,110047855,3,0.9663,0.7613,0.3728
3,6,102440596,6,0.9995,0.9635,0.3774
6,2,1457627,4,0.9612,0.9606,0.38
2,4,82859669,20,1.0,1.0,0.3911
16,3,64631218,32,1.0,1.0,0.4132
15,2,5493975,12,1.0,1.0,0.4247
5,8,118706553,1,0.8122,0.4683,0.4683
11,2,73273525,58,1.0,1.0,0.4784
4,5,69815735,6,0.9992,0.9874,0.494
1,5,94432079,10,1.0,0.9998,0.5289
5,3,9082073,2,0.842,0.827,0.5532
17,2,1383694,3,0.953,0.9523,0.5749
5,7,98757581,1,0.8932,0.6509,0.6509
17,3,7088604,1,0.6957,0.6818,0.6818
6,6,97417012,3,0.9987,0.9462,0.7217
1,2,1235739,2,0.9339,0.9332,0.7508
4,2,682020,1,0.7767,0.7759,0.7759
5,6,75864886,1,0.9282,0.7809,0.7809
